Name,Type,Region,Position
Bill,First,Dirty South,HC
Billy,First,Dirty South,HC
Blake,First,Dirty South,HC
Brady,First,West Coast,HC
Brent,First,West Coast,HC
Brian,First,Mid West,HC
Bronco,First,South,HC
Bryan,First,West Coast,HC
Butch,First,Dirty South,HC
Chad,First,Dirty South,HC
Chip,First,Dirty South,HC
Chip,First,West Coast,HC
Chris,First,Mid West,HC
Chris,First,Mid West,HC
Chuck,First,Dirty South,HC
Clay,First,West Coast,HC
Craig,First,Mid West,HC
Dabo,First,South,HC
Dan,First,Dirty South,HC
Dana,First,Texas,HC
Dana,First,Texas,HC
Danny,First,West Coast,HC
Dave,First,South,HC
Dave,First,South,HC
Dave,First,Texas,HC
David,First,South,HC
David,First,West Coast,HC
Derek,First,South,HC
Dino,First,North East,HC
Doc,First,South,HC
Doug,First,West Coast,HC
Ed,First,Dirty South,HC
Eliah,First,Mid West,HC
Frank,First,Mid West,HC
Gary,First,Texas,HC
Gary,First,West Coast,HC
Geoff,First,Dirty South,HC
Greg,First,North East,HC
Gus,First,Dirty South,HC
Herm,First,West Coast,HC
Hugh,First,South,HC
Jake,First,Texas,HC
James,First,North East,HC
Jamey,First,South,HC
Jason,First,Mid West,HC
Jay,First,Dirty South,HC
Jay,First,West Coast,HC
Jeff,First,Dirty South,HC
Jeff,First,North East,HC
Jeff,First,North East,HC
Jeff,First,Texas,HC
Jeff,First,Mid West,HC
Jeremy,First,South,HC
Jim,First,Mid West,HC
Jim,First,Mid West,HC
Jimbo,First,Texas,HC
Jimmy,First,West Coast,HC
Jonathan,First,West Coast,HC
Josh,First,Dirty South,HC
Justin,First,South,HC
Justin,First,West Coast,HC
Kalani,First,West Coast,HC
Kalen,First,West Coast,HC
Karl,First,West Coast,HC
Ken,First,North East,HC
Kevin,First,West Coast,HC
Kirby,First,Dirty South,HC
Kirk,First,Mid West,HC
Kyle,First,West Coast,HC
Lance,First,North East,HC
Lane,First,Dirty South,HC
Les,First,Mid West,HC
Lincoln,First,Mid West,HC
Lovie,First,Mid West,HC
Luke,First,Mid West,HC
Mack,First,South,HC
Manny,First,Dirty South,HC
Marcus,First,West Coast,HC
Mario,First,West Coast,HC
Mark,First,South,HC
Matt,First,Dirty South,HC
Matt,First,Texas,HC
Matt,First,Mid West,HC
Mel,First,Mid West,HC
Mike,First,Dirty South,HC
Mike,First,Dirty South,HC
Mike,First,North East,HC
Mike,First,South,HC
Mike,First,Texas,HC
Mike,First,Mid West,HC
Mike,First,Mid West,HC
Neal,First,South,HC
Nick,First,Dirty South,HC
Nick,First,West Coast,HC
Pat,First,North East,HC
Pat,First,Mid West,HC
Paul,First,Mid West,HC
Philip,First,Mid West,HC
PJ ,First,Mid West,HC
Randy,First,North East,HC
Rick,First,South,HC
Ricky,First,South,HC
Rod,First,North East,HC
Ryan,First,South,HC
Ryan,First,Mid West,HC
Sam,First,Dirty South,HC
Scot,First,Mid West,HC
Scott,First,South,HC
Scott,First,Mid West,HC
Sean,First,Mid West,HC
Seth,First,Texas,HC
Shawn,First,Dirty South,HC
Shawn,First,South,HC
Skip,First,Dirty South,HC
Sonny,First,Mid West,HC
Steve,First,Dirty South,HC
Steve,First,West Coast,HC
Thomas,First,Mid West,HC
Tim,First,Mid West,HC
Todd,First,West Coast,HC
Tom,First,Texas,HC
Tom,First,Mid West,HC
Tom,First,Mid West,HC
Troy,First,West Coast,HC
Tyson,First,South,HC
Walt,First,North East,HC
Will,First,South,HC
Will,First,South,HC
Willie,First,Dirty South,HC
Willie,First,Dirty South,HC
Alex,First,Dirty South,OC
Andrew,First,Mid West,OC
Andy,First,North East,OC
Andy,First,West Coast,OC
Anthony,First,Dirty South,OC
Barry,First,Texas,OC
Bill,First,Mid West,OC
Bill,First,West Coast,OC
Billy,First,Dirty South,OC
Bob,First,Dirty South,OC
Bodie,First,West Coast,OC
Brad,First,South,OC
Brad,First,Dirty South,OC
Brent,First,Mid West,OC
Brent,First,Mid West,OC
Brent,First,North East,OC
Brian,First,Mid West,OC
Brian,First,West Coast,OC
Brian,First,Mid West,OC
Brian,First,West Coast,OC
Bryan,First,South,OC
Bryant,First,Dirty South,OC
Cale,First,Mid West,OC
Chad,First,Dirty South,OC
Charlie,First,Dirty South,OC
Charlie,First,Mid West,OC
Chris,First,Mid West,OC
Clint,First,Dirty South,OC
Courtney,First,Mid West,OC
Curtis,First,Mid West,OC
Darin,First,South,OC
Darrell,First,Texas,OC
Darrin,First,West Coast,OC
Dave,First,Dirty South,OC
David,First,Texas,OC
Derek,First,West Coast,OC
Donnie,First,South,OC
Doug,First,West Coast,OC
Drew,First,Dirty South,OC
Dwayne,First,South,OC
Eddie,First,South,OC
Eliah,First,Mid West,OC
Eman,First,Dirty South,OC
Eric,First,Mid West,OC
Eric,First,West Coast,OC
Eric,First,Dirty South,OC
Frank,First,North East,OC
Frank,First,North East,OC
Garrett,First,Mid West,OC
George,First,Dirty South,OC
George,First,South,OC
Gerad,First,South,OC
GJ,First,West Coast,OC
Glenn,First,West Coast,OC
Graham,First,West Coast,OC
Grant,First,Mid West,OC
Ivin,First,North East,OC
Jacob,First,Texas,OC
Jake,First,Mid West,OC
JaMarcus,First,Mid West,OC
Jay,First,Mid West,OC
Jeff,First,West Coast,OC
Jeff,First,West Coast,OC
Jeff,First,Dirty South,OC
Jerry,First,Texas,OC
Jim,First,South,OC
Jim,First,North East,OC
Jim,First,North East,OC
Joe,First,West Coast,OC
Joe,First,Dirty South,OC
Joe,First,Mid West,OC
Joey,First,West Coast,OC
John,First,West Coast,OC
John,First,Dirty South,OC
Joker,First,North East,OC
Josh,First,Mid West,OC
Justin,First,West Coast,OC
Kasey,First,Mid West,OC
Keith,First,Dirty South,OC
Kendal,First,Dirty South,OC
Kenny,First,Dirty South,OC
Kenny,First,Dirty South,OC
Kent,First,South,OC
Kevin,First,West Coast,OC
Kevin,First,Mid West,OC
Kevin,First,South,OC
Kevin,First,Mid West,OC
Kirk,First,South,OC
Kirk,First,North East,OC
Larry,First,Texas,OC
Mark,First,South,OC
Mark,First,North East,OC
Matt,First,West Coast,OC
Matt,First,Mid West,OC
Matt,First,Dirty South,OC
Matt,First,Mid West,OC
Maurice,First,South,OC
Micah,First,North East,OC
Mike,First,Texas,OC
Mike,First,Texas,OC
Mike,First,North East,OC
Mike,First,Mid West,OC
Mike,First,West Coast,OC
Mike,First,Mid West,OC
Mike,First,Texas,OC
Mike,First,Mid West,OC
Mike,First,South,OC
Mike,First,Dirty South,OC
Mike,First,Mid West,OC
Newland,First,South,OC
Nick,First,Mid West,OC
Noel,First,West Coast,OC
Phil,First,South,OC
Philip,First,Mid West,OC
Rhett,First,Dirty South,OC
Rich,First,Dirty South,OC
Rob,First,Dirty South,OC
Robert,First,South,OC
Robert,First,Mid West,OC
Rod,First,Mid West,OC
Ryan,First,Dirty South,OC
Ryan,First,West Coast,OC
Ryan,First,South,OC
Scott,First,Mid West,OC
Scottie,First,North East,OC
Scotty,First,Dirty South,OC
Sean,First,North East,OC
Shannon,First,Texas,OC
Sonny,First,Texas,OC
Sterlin,First,North East,OC
Steve,First,Dirty South,OC
Steve,First,Dirty South,OC
Tavita,First,West Coast,OC
Terry,First,Mid West,OC
Tim,First,South,OC
Tim,First,Mid West,OC
Tim,First,South,OC
Todd,First,Dirty South,OC
Todd,First,South,OC
Tom,First,Mid West,OC
Tommy,First,Mid West,OC
Tommy,First,Mid West,OC
Tommy,First,Texas,OC
Tony,First,South,OC
Tony,First,South,OC
Tony,First,South,OC
Tony,First,West Coast,OC
Warren,First,South,OC
Will,First,Dirty South,OC
Willy,First,South,OC
Zac,First,South,OC
Zak,First,West Coast,OC
Adam,First,Dirty South,DC
Alex,First,Mid West,DC
Andrew,First,Dirty South,DC
Andy,First,West Coast,DC
Anthony,First,Mid West,DC
Antonio,First,West Coast,DC
Archie,First,Texas,DC
Barry,First,Dirty South,DC
Ben,First,South,DC
Blake,First,South,DC
Blake,First,South,DC
Blake,First,Dirty South,DC
Bo,First,Dirty South,DC
Bob,First,Mid West,DC
Brad,First,South,DC
Brad,First,South,DC
Brandon,First,South,DC
Brandon,First,Dirty South,DC
Brent,First,South,DC
Brent,First,North East,DC
Brian,First,North East,DC
Brian,First,North East,DC
Brian,First,Texas,DC
Brian,First,West Coast,DC
Brian,First,Mid West,DC
Bryan,First,South,DC
Chad,First,South,DC
Chad,First,Texas,DC
Chris,First,Texas,DC
Chris,First,Dirty South,DC
Chuck,First,West Coast,DC
Clark,First,Mid West,DC
Clayton,First,South,DC
Clint,First,Texas,DC
Cort,First,South,DC
Craig,First,Mid West,DC
Dale,First,South,DC
Dan,First,Dirty South,DC
David,First,Dirty South,DC
David,First,Dirty South,DC
David,First,Dirty South,DC
Derrick,First,Mid West,DC
Derrick,First,South,DC
Derrick,First,West Coast,DC
DJ,First,Mid West,DC
Don,First,Mid West,DC
Doug,First,Texas,DC
Ephraim,First,Dirty South,DC
Erik,First,Mid West,DC
Frank,First,West Coast,DC
Frank,First,West Coast,DC
Glenn,First,Dirty South,DC
Greg,First,Dirty South,DC
Greg,First,Mid West,DC
Ikaika,First,West Coast,DC
Ilaisa,First,West Coast,DC
Jack,First,Dirty South,DC
Jake,First,West Coast,DC
Jay,First,Mid West,DC
Jay,First,South,DC
Jeff,First,North East,DC
Jeff,First,Dirty South,DC
Jeff,First,West Coast,DC
Jerod,First,Dirty South,DC
Jerry,First,West Coast,DC
Jim,First,Dirty South,DC
Jim,First,Mid West,DC
Jim,First,Mid West,DC
Jimmy,First,South,DC
Joe,First,Mid West,DC
Joe,First,Mid West,DC
Joe,First,Texas,DC
Joe,First,Mid West,DC
John,First,Dirty South,DC
John,First,West Coast,DC
Jon,First,North East,DC
Jon,First,Mid West,DC
Joseph,First,Mid West,DC
Justin,First,South,DC
Kane,First,Mid West,DC
Keith,First,Texas,DC
Keith,First,West Coast,DC
Kelly,First,South,DC
Kerry,First,Mid West,DC
Kevin,First,Dirty South,DC
Kevin,First,Mid West,DC
Kurt,First,West Coast,DC
Lance,First,West Coast,DC
Lou,First,North East,DC
Lou,First,Mid West,DC
Lovie,First,Mid West,DC
Lyle,First,South,DC
Marcus,First,Mid West,DC
Marcus,First,South,DC
Marvin,First,West Coast,DC
Matt,First,Mid West,DC
Matt,First,South,DC
Maurice,First,South,DC
Mike,First,Texas,DC
Mike,First,Dirty South,DC
Mike,First,South,DC
Mike,First,Texas,DC
Mike,First,Mid West,DC
Morgan,First,West Coast,DC
Nate,First,North East,DC
Nathan,First,Dirty South,DC
Neal,First,Mid West,DC
Nick,First,Dirty South,DC
Nick,First,South,DC
Patrick,First,Dirty South,DC
Paul,First,West Coast,DC
Pete,First,West Coast,DC
Pete,First,Dirty South,DC
Pete,First,Mid West,DC
Peter,First,West Coast,DC
Peter,First,West Coast,DC
Phil,First,Mid West,DC
Randy,First,Dirty South,DC
Randy,First,North East,DC
Robb,First,Mid West,DC
Robb,First,North East,DC
Rocky,First,West Coast,DC
Ron,First,Texas,DC
Ron,First,Mid West,DC
Ryan,First,Mid West,DC
Scot,First,Dirty South,DC
Scott,First,South,DC
Scott,First,South,DC
Scottie,First,Mid West,DC
Spence,First,Dirty South,DC
Spencer,First,West Coast,DC
Stacy,First,West Coast,DC
Ted,First,South,DC
Tem,First,North East,DC
Tim,First,West Coast,DC
Tim,First,West Coast,DC
Tim,First,North East,DC
Todd,First,Dirty South,DC
Todd,First,West Coast,DC
Tom,First,Mid West,DC
Tommy,First,North East,DC
Tommy,First,South,DC
Tony,First,Dirty South,DC
Tony,First,North East,DC
Tony,First,South,DC
Travaris,First,South,DC
Travis,First,Dirty South,DC
Tyler,First,Mid West,DC
Tyrone,First,Texas,DC
Tyson,First,West Coast,DC
Vic,First,South,DC
Victor,First,West Coast,DC
Vince,First,Mid West,DC
William,First,West Coast,DC
Zac,First,Texas,DC
Zach,First,Dirty South,DC
Adam,First,North East,ST
Andre,First,North East,ST
Andy,First,South,ST
Atif,First,Mid West,ST
Ben,First,West Coast,ST
Blake,First,Dirty South,ST
Bob,First,Mid West,ST
Bob,First,West Coast,ST
Bobby,First,West Coast,ST
Bradley,First,Texas,ST
Brett,First,North East,ST
Brian,First,Dirty South,ST
Brian,First,Mid West,ST
Brian,First,South,ST
Brian,First,Mid West,ST
Calvin,First,Mid West,ST
Charlie,First,West Coast,ST
Chili,First,West Coast,ST
Chris,First,Mid West,ST
Chris,First,Mid West,ST
Chris,First,Mid West,ST
Chris,First,Dirty South,ST
Curt,First,South,ST
Dan,First,West Coast,ST
Daniel,First,Dirty South,ST
Danny,First,South,ST
Danny,First,North East,ST
David,First,Mid West,ST
Dennis,First,Dirty South,ST
Derek,First,West Coast,ST
Devin,First,South,ST
Doug,First,Dirty South,ST
Doug,First,West Coast,ST
Drew,First,Texas,ST
Ed,First,West Coast,ST
Eddie,First,North East,ST
Eric,First,West Coast,ST
Erik,First,Mid West,ST
Fred,First,West Coast,ST
George,First,North East,ST
Greg,First,Dirty South,ST
Greg,First,Dirty South,ST
Heath,First,Dirty South,ST
Jacob,First,Mid West,ST
Jake,First,West Coast,ST
James,First,South,ST
Jamie,First,West Coast,ST
Jaron,First,Dirty South,ST
Jay,First,Texas,ST
Jay,First,Mid West,ST
Jay,First,Mid West,ST
Jeff,First,Mid West,ST
Jeff,First,Dirty South,ST
Jeff,First,Dirty South,ST
Jeremy,First,West Coast,ST
Joe,First,Mid West,ST
Joe,First,Texas,ST
Joe,First,North East,ST
John,First,Dirty South,ST
John,First,Mid West,ST
Jonathan,First,Dirty South,ST
Jonathan,First,Mid West,ST
Jordan,First,West Coast,ST
Jovan,First,South,ST
Justin,First,North East,ST
Kasey,First,Mid West,ST
Keith,First,Mid West,ST
Kevin,First,South,ST
Kirk,First,South,ST
Kyle,First,South,ST
Kyle,First,North East,ST
Kyle,First,South,ST
Larry,First,Dirty South,ST
LeVar,First,Mid West,ST
Mark,First,Texas,ST
Mark,First,Texas,ST
Marty,First,Mid West,ST
Matt,First,West Coast,ST
Matt,First,Dirty South,ST
Matt,First,Mid West,ST
Matt,First,Texas,ST
Matt,First,North East,ST
Matt,First,Dirty South,ST
Max,First,South,ST
Michael,First,West Coast,ST
Mike,First,Texas,ST
Mike,First,South,ST
Nate,First,Mid West,ST
Nick,First,Texas,ST
Nick,First,Dirty South,ST
Nick,First,Dirty South,ST
Patrick,First,Mid West,ST
Pete,First,West Coast,ST
Pete,First,South,ST
Ricky,First,South,ST
Rob,First,Mid West,ST
Robby,First,Dirty South,ST
Roc,First,West Coast,ST
Ronnie,First,West Coast,ST
Ross,First,Mid West,ST
Ross,First,Mid West,ST
Roy,First,South,ST
Scott,First,Dirty South,ST
Scott,First,Dirty South,ST
Sean,First,North East,ST
Sean,First,West Coast,ST
Shannon,First,Mid West,ST
Sharrieff,First,West Coast,ST
Shawn,First,West Coast,ST
Shiel,First,Dirty South,ST
Stu,First,South,ST
Taiwo,First,North East,ST
Tanner,First,South,ST
Thomas,First,West Coast,ST
Todd,First,South,ST
Tommy,First,Texas,ST
Travis,First,South,ST
Tyler,First,Dirty South,ST
Wayne,First,South,ST
Willie,First,Dirty South,ST
Zac,First,Mid West,ST
Allen,Last,Mid West,HC
Andersen,Last,West Coast,HC
Anderson,Last,Dirty South,HC
Aranda,Last,Texas,HC
Arroyo,Last,West Coast,HC
Arth,Last,Mid West,HC
Babers,Last,North East,HC
Bell,Last,North East,HC
Bloomgren,Last,Texas,HC
Bohl,Last,Mid West,HC
Brennan,Last,West Coast,HC
Brohm,Last,Mid West,HC
Brown,Last,South,HC
Brown,Last,South,HC
Calhoun,Last,West Coast,HC
Campbell,Last,Dirty South,HC
Candle,Last,Mid West,HC
Carey,Last,North East,HC
Chadwell,Last,South,HC
Chryst,Last,Mid West,HC
Clark,Last,South,HC
Clark,Last,Dirty South,HC
Clawson,Last,South,HC
Collins,Last,Dirty South,HC
Creighton,Last,Mid West,HC
Cristobal,Last,West Coast,HC
Cutcliffe,Last,South,HC
Davis,Last,Dirty South,HC
Day,Last,Mid West,HC
DeBoer,Last,West Coast,HC
Diaz,Last,Dirty South,HC
Dimel,Last,Texas,HC
Doeren,Last,South,HC
Drinkwitz,Last,Mid West,HC
Dykes,Last,Mid West,HC
Edsall,Last,North East,HC
Edwards,Last,West Coast,HC
Elliott,Last,Dirty South,HC
Ferentz,Last,Mid West,HC
Fickell,Last,Mid West,HC
Fisher,Last,Texas,HC
Fitzgerald,Last,Mid West,HC
Fleck,Last,Mid West,HC
Franklin,Last,North East,HC
Freeze,Last,South,HC
Fritz,Last,Dirty South,HC
Fuente,Last,South,HC
Gonzales,Last,West Coast,HC
Graham,Last,West Coast,HC
Gundy,Last,Mid West,HC
Hafley,Last,North East,HC
Hammock,Last,Mid West,HC
Harbaugh,Last,Mid West,HC
Harsin,Last,West Coast,HC
Healy,Last,South,HC
Helton,Last,South,HC
Helton,Last,West Coast,HC
Herman,Last,Texas,HC
Heupel,Last,Dirty South,HC
Hoke,Last,West Coast,HC
Holgorsen,Last,Texas,HC
Holliday,Last,South,HC
Holtz,Last,Dirty South,HC
Houston,Last,South,HC
Kelly,Last,Mid West,HC
Kelly,Last,West Coast,HC
Kiffin,Last,Dirty South,HC
Lake,Last,West Coast,HC
Leach,Last,Dirty South,HC
Leipold,Last,North East,HC
Lester,Last,Mid West,HC
Lewis,Last,Mid West,HC
Lindsey,Last,Dirty South,HC
Littrell,Last,Texas,HC
Locksley,Last,North East,HC
Loeffler,Last,Mid West,HC
Malzahn,Last,Dirty South,HC
Martin,Last,Dirty South,HC
Martin,Last,West Coast,HC
Mason,Last,South,HC
McElwain,Last,Mid West,HC
Mendenhall,Last,South,HC
Miles,Last,Mid West,HC
Monken,Last,North East,HC
Montgomery,Last,Mid West,HC
Mullen,Last,Dirty South,HC
Muschamp,Last,South,HC
Napier,Last,Dirty South,HC
Narduzzi,Last,North East,HC
Neu,Last,Mid West,HC
Niumatalolo,Last,North East,HC
Norvell,Last,Dirty South,HC
Norvell,Last,West Coast,HC
Orgeron,Last,Dirty South,HC
Pittman,Last,Dirty South,HC
Rahne,Last,South,HC
Riley,Last,Mid West,HC
Rolovich,Last,West Coast,HC
Saban,Last,Dirty South,HC
Satterfield,Last,South,HC
Schiano,Last,North East,HC
Scott,Last,Dirty South,HC
Shaw,Last,West Coast,HC
Silverfield,Last,South,HC
Sitake,Last,West Coast,HC
Smart,Last,Dirty South,HC
Smith,Last,Mid West,HC
Smith,Last,West Coast,HC
Solich,Last,Mid West,HC
Spavital,Last,Texas,HC
Stockstill,Last,South,HC
Sumlin,Last,West Coast,HC
Swinney,Last,South,HC
Taggart,Last,Dirty South,HC
Traylor,Last,Texas,HC
Tucker,Last,Mid West,HC
Viator,Last,Dirty South,HC
Wells,Last,Texas,HC
Whittingham,Last,West Coast,HC
Wilcox,Last,West Coast,HC
Albin,Last,Mid West,OC
Anae,Last,South,OC
Aplin,Last,South,OC
Austin,Last,South,OC
Bajakian,Last,Mid West,OC
Barnett,Last,Dirty South,OC
Beck,Last,South,OC
Bloesch,Last,Texas,OC
Bobo,Last,South,OC
Briles,Last,Dirty South,OC
Brohm,Last,Mid West,OC
Campbell,Last,South,OC
Canales,Last,Texas,OC
Carney,Last,South,OC
Ciarrocca,Last,North East,OC
Cignetti,Last,North East,OC
Cornelsen,Last,South,OC
Cramsey,Last,South,OC
Creighton,Last,Mid West,OC
Davis,Last,North East,OC
Dawson,Last,Texas,OC
Dearmon,Last,Mid West,OC
Denbrock,Last,Mid West,OC
Dickey,Last,Texas,OC
Dillingham,Last,Dirty South,OC
Donovan,Last,West Coast,OC
Drinkwitz,Last,Mid West,OC
Dunn,Last,Mid West,OC
Edenfield,Last,Dirty South,OC
Eidsness,Last,Mid West,OC
Elliott,Last,South,OC
Ellis,Last,South,OC
Ensminger,Last,Dirty South,OC
Fedora,Last,Texas,OC
Ferentz,Last,Mid West,OC
Fitch,Last,South,OC
Franklin,Last,South,OC
Frye,Last,West Coast,OC
Frye,Last,Mid West,OC
Gattis,Last,Mid West,OC
Gilbert,Last,North East,OC
Giufre,Last,North East,OC
Gleeson,Last,North East,OC
Glenn,Last,Dirty South,OC
Golesh,Last,Dirty South,OC
Gonzales,Last,Dirty South,OC
Grimes,Last,West Coast,OC
Grubb,Last,West Coast,OC
Gundy,Last,Mid West,OC
Hall,Last,Dirty South,OC
Hallett,Last,Mid West,OC
Harrell,Last,West Coast,OC
Harris,Last,South,OC
Heard,Last,Mid West,OC
Heckendorf,Last,Dirty South,OC
Hecklinski,Last,West Coast,OC
Hevesy,Last,Dirty South,OC
Hill,Last,West Coast,OC
Hinshaw,Last,South,OC
Hull,Last,West Coast,OC
Isaac,Last,South,OC
Isphording,Last,Mid West,OC
Jackson,Last,North East,OC
James,Last,North East,OC
Jasper,Last,North East,OC
Johns,Last,South,OC
Johnson,Last,Mid West,OC
Kiesau,Last,West Coast,OC
Kinne,Last,West Coast,OC
Kirkpatrick,Last,South,OC
Koehler,Last,Dirty South,OC
Korn,Last,South,OC
Kotelnicki,Last,North East,OC
Lashlee,Last,Dirty South,OC
Leach,Last,Dirty South,OC
Lebby,Last,Dirty South,OC
Ledford,Last,South,OC
Lindgren,Last,West Coast,OC
Longo,Last,South,OC
Ludwig,Last,West Coast,OC
Lunney,Last,Texas,OC
Luper,Last,Mid West,OC
Lynch,Last,Mid West,OC
Mack,Last,Texas,OC
Mainord,Last,Texas,OC
Malone,Last,Mid West,OC
Martin,Last,West Coast,OC
Mazzone,Last,West Coast,OC
McDonald,Last,South,OC
McGiven,Last,West Coast,OC
Mehringer,Last,Dirty South,OC
Monken,Last,Dirty South,OC
Montgomery,Last,North East,OC
Montgomery,Last,Mid West,OC
Moorhead,Last,West Coast,OC
Moreland,Last,Mid West,OC
Morris,Last,Dirty South,OC
Mumme,Last,West Coast,OC
Musgrave,Last,West Coast,OC
Naghavi,Last,Dirty South,OC
Parker,Last,South,OC
Patenaude,Last,Dirty South,OC
Peeler,Last,Texas,OC
Petersen,Last,South,OC
Phillips,Last,North East,OC
Pritchard,Last,West Coast,OC
Pugh,Last,Dirty South,OC
Reeder,Last,West Coast,OC
Rees,Last,Mid West,OC
Riley,Last,Mid West,OC
Roper,Last,South,OC
Rudolph,Last,Mid West,OC
Ruggiero,Last,South,OC
Sale,Last,Dirty South,OC
Sanford,Last,Mid West,OC
Sarkisian,Last,Dirty South,OC
Shepard,Last,Mid West,OC
Sheridan,Last,Mid West,OC
Simon,Last,Mid West,OC
Skrosky,Last,Dirty South,OC
Sloan,Last,Dirty South,OC
Smith,Last,West Coast,OC
Smith,Last,Mid West,OC
Sowder,Last,Mid West,OC
Thiessen,Last,West Coast,OC
Thomas,Last,West Coast,OC
Trickett,Last,Dirty South,OC
Tucker,Last,Dirty South,OC
Uremovich,Last,North East,OC
Vigen,Last,Mid West,OC
Vincent,Last,Dirty South,OC
Walden,Last,Dirty South,OC
Warehime,Last,West Coast,OC
Weiner,Last,Mid West,OC
Weis,Last,Dirty South,OC
Whipple,Last,North East,OC
Wilson,Last,Mid West,OC
Yost,Last,Texas,OC
Yurcich,Last,Texas,OC
Zagorski,Last,Mid West,OC
Zebrowski,Last,North East,OC
Akey,Last,Mid West,DC
Albert,Last,South,DC
Anderson,Last,West Coast,DC
Arnett,Last,Dirty South,DC
Ash,Last,Texas,DC
Avalos,Last,West Coast,DC
Azzinaro,Last,West Coast,DC
Baker,Last,Dirty South,DC
Banda,Last,Dirty South,DC
Banks,Last,North East,DC
Bateman,Last,South,DC
Bates,Last,North East,DC
Belk,Last,Texas,DC
Blackwell,Last,Dirty South,DC
Borland,Last,North East,DC
Bowen,Last,Texas,DC
Brown,Last,Mid West,DC
Brown,Last,South,DC
Brumbaugh,Last,South,DC
Burton,Last,Dirty South,DC
Cauthen,Last,Texas,DC
Collins,Last,Mid West,DC
Collins,Last,Dirty South,DC
Collins,Last,West Coast,DC
Coombs,Last,Mid West,DC
Cooper,Last,South,DC
Copp,Last,Dirty South,DC
Cox,Last,Texas,DC
Crum,Last,South,DC
Cruz,Last,West Coast,DC
Curtis,Last,Dirty South,DC
Danielson,Last,West Coast,DC
Dennison,Last,South,DC
DeRuyter,Last,West Coast,DC
Diaco,Last,Mid West,DC
Dickert,Last,West Coast,DC
Duggan,Last,Dirty South,DC
Durkin,Last,Dirty South,DC
Eliot,Last,Mid West,DC
Elko,Last,Texas,DC
Esposito,Last,Mid West,DC
Feeney,Last,Mid West,DC
Freeman,Last,Mid West,DC
Fuller,Last,Dirty South,DC
Fuqua,Last,Dirty South,DC
Germano,Last,Mid West,DC
Gibson,Last,South,DC
Gillespie,Last,Mid West,DC
Golding,Last,Dirty South,DC
Grantham,Last,Dirty South,DC
Guerrieri,Last,South,DC
Hall,Last,Dirty South,DC
Hamilton,Last,South,DC
Hankwitz,Last,Mid West,DC
Hansen,Last,West Coast,DC
Harasymiak,Last,Mid West,DC
Harrell,Last,South,DC
Hauser,Last,Dirty South,DC
Hazelton,Last,Mid West,DC
Hemphill,Last,South,DC
Heyward,Last,West Coast,DC
Hoke,Last,North East,DC
Howell,Last,South,DC
Inge,Last,West Coast,DC
Jackson,Last,Mid West,DC
Jones,Last,South,DC
Kane,Last,Mid West,DC
Kaufman,Last,Mid West,DC
Kehres,Last,Mid West,DC
Knowles,Last,Mid West,DC
Knowles,Last,North East,DC
Koenning,Last,South,DC
Kruse,Last,Dirty South,DC
Kuligowski,Last,Mid West,DC
Kwiatkowski,Last,West Coast,DC
Lambert,Last,South,DC
Lanning,Last,Dirty South,DC
Lea,Last,Mid West,DC
Leavitt,Last,Dirty South,DC
Leonhard,Last,Mid West,DC
Lewis,Last,West Coast,DC
Long,Last,West Coast,DC
Lukabu,Last,North East,DC
MacIntyre,Last,South,DC
Maile,Last,West Coast,DC
Malloe,Last,West Coast,DC
Mattison,Last,Mid West,DC
Mattix,Last,West Coast,DC
McDaniel,Last,Texas,DC
Neathery,Last,Mid West,DC
Newberry,Last,North East,DC
Nix,Last,Texas,DC
Nowinsky,Last,Dirty South,DC
Odom,Last,Dirty South,DC
Odum,Last,West Coast,DC
Orlando,Last,West Coast,DC
Parker,Last,Mid West,DC
Partridge,Last,Dirty South,DC
Patterson,Last,Texas,DC
Pelini,Last,Dirty South,DC
Pierce,Last,West Coast,DC
Poindexter,Last,Mid West,DC
Poppinga,Last,South,DC
Price,Last,South,DC
Pry,Last,North East,DC
Reeves,Last,Dirty South,DC
Restivo,Last,North East,DC
Rhoads,Last,West Coast,DC
Roberts,Last,Texas,DC
Robinson,Last,South,DC
Roof,Last,South,DC
Rossi,Last,Mid West,DC
Rudzinski,Last,West Coast,DC
Sawvel,Last,Mid West,DC
Scalley,Last,West Coast,DC
Schmedding,Last,West Coast,DC
Seiler,Last,South,DC
Shafer,Last,South,DC
Shannon,Last,Dirty South,DC
Sirmon,Last,West Coast,DC
Smith,Last,North East,DC
Smith,Last,Texas,DC
Smith,Last,Mid West,DC
Spanos,Last,North East,DC
Spavital,Last,Texas,DC
Spaziani,Last,West Coast,DC
Spencer,Last,Dirty South,DC
Staggs,Last,South,DC
Steele,Last,Dirty South,DC
Stewart,Last,Dirty South,DC
Stockton,Last,Mid West,DC
Symons,Last,South,DC
Thacker,Last,Dirty South,DC
Thigpen,Last,South,DC
Tibesar,Last,West Coast,DC
Toney,Last,Dirty South,DC
Tuiaki,Last,West Coast,DC
VanGorder,Last,Mid West,DC
Venables,Last,South,DC
Walters,Last,Mid West,DC
Ward,Last,West Coast,DC
West,Last,South,DC
White,Last,South,DC
White,Last,North East,DC
Williams,Last,Dirty South,DC
Wommack,Last,Mid West,DC
Woody,Last,North East,DC
Alamar,Last,West Coast,ST
Allen,Last,North East,ST
Austin,Last,Mid West,ST
Baldus,Last,South,ST
Banks,Last,Dirty South,ST
Barnes,Last,Mid West,ST
Barton,Last,Mid West,ST
Bellantoni,Last,West Coast,ST
Benedict,Last,South,ST
Biagi,Last,Mid West,ST
Blackmon,Last,Dirty South,ST
Bolfing,Last,Dirty South,ST
Boulware,Last,Texas,ST
Brasfield,Last,Mid West,ST
Brock,Last,Dirty South,ST
Brumfield,Last,South,ST
Burns,Last,South,ST
Cefalo,Last,North East,ST
Christian,Last,West Coast,ST
Christian,Last,West Coast,ST
Cochran,Last,Dirty South,ST
Cookus,Last,West Coast,ST
Davis,Last,West Coast,ST
Deakin,Last,West Coast,ST
Denham,Last,Mid West,ST
Dewitt,Last,South,ST
Diersen,Last,North East,ST
Discher,Last,Dirty South,ST
Dougherty,Last,Mid West,ST
Ekeler,Last,Texas,ST
Els,Last,Mid West,ST
Faanes,Last,Mid West,ST
Fairman,Last,Dirty South,ST
Fitzsimmons,Last,South,ST
Fountain,Last,Dirty South,ST
Fritz,Last,Dirty South,ST
Genyk,Last,Mid West,ST
Ghobrial,Last,West Coast,ST
Gideon,Last,Dirty South,ST
Goebbel,Last,South,ST
Gregory,Last,West Coast,ST
Guidici,Last,West Coast,ST
Haering,Last,Mid West,ST
Haines,Last,South,ST
Harbaugh,Last,Mid West,ST
Helow,Last,North East,ST
Holt,Last,South,ST
Hurd,Last,Mid West,ST
Kitchens,Last,Dirty South,ST
Knox,Last,Dirty South,ST
Krantz,Last,South,ST
Lamb,Last,West Coast,ST
LaRussa,Last,South,ST
Lembo,Last,South,ST
Ligashesky,Last,Mid West,ST
Lineburg,Last,South,ST
Link,Last,Mid West,ST
Lorig,Last,North East,ST
Lowry,Last,Mid West,ST
Lustig,Last,North East,ST
Mason,Last,Mid West,ST
McCarthy,Last,Dirty South,ST
McMahon,Last,Dirty South,ST
Miller,Last,West Coast,ST
Moore,Last,Mid West,ST
Murphy,Last,Mid West,ST
Nunez,Last,Mid West,ST
Onatolu,Last,North East,ST
O'Rourke,Last,North East,ST
Palcic,Last,Mid West,ST
Paopao,Last,West Coast,ST
Papuchis,Last,Dirty South,ST
Paremski,Last,Dirty South,ST
Patke,Last,Dirty South,ST
Pearman,Last,South,ST
Pentz,Last,West Coast,ST
Perry,Last,Texas,ST
Peveto,Last,Texas,ST
Phillips,Last,West Coast,ST
Polian,Last,Mid West,ST
Polly,Last,South,ST
Popovich,Last,Dirty South,ST
Porter,Last,Dirty South,ST
Powell,Last,North East,ST
Powledge,Last,Texas,ST
Prato,Last,Dirty South,ST
Ragle,Last,West Coast,ST
Robinson,Last,Texas,ST
Sage,Last,West Coast,ST
Saturnio,Last,North East,ST
Scheier,Last,North East,ST
Schmidt,Last,West Coast,ST
Schoonover,Last,Mid West,ST
Scott,Last,Texas,ST
Segler,Last,South,ST
Shah,Last,West Coast,ST
Shearer,Last,Dirty South,ST
Sheffield,Last,West Coast,ST
Shibest,Last,South,ST
Slocum,Last,West Coast,ST
Smith,Last,Dirty South,ST
Smith,Last,South,ST
Snyder,Last,West Coast,ST
Springer,Last,West Coast,ST
Svoboda,Last,Texas,ST
Teegardin,Last,Mid West,ST
Tesh,Last,South,ST
Thomas,Last,Dirty South,ST
Thurin,Last,North East,ST
Thurmond,Last,South,ST
Tommerdahl,Last,Texas,ST
Toth,Last,Dirty South,ST
Trickett,Last,South,ST
Wallace,Last,Mid West,ST
Watson,Last,Mid West,ST
Wenger,Last,Mid West,ST
Whitworth,Last,Texas,ST
Wiesehan,Last,Dirty South,ST
Williams,Last,West Coast,ST
Wood,Last,Dirty South,ST
Woods,Last,Mid West,ST
Wozniak,Last,Mid West,ST
